place,proficient_pct
Andaman & Nicobar Islands,29
Andhra Pradesh,26
Arunachal Pradesh,35
Assam,38
Bihar,41
Chandigarh,48
Chhattisgarh,33
Dadra & Nagar Haveli and Daman & Diu,54
Delhi,39
Goa,35
Gujarat,23
Haryana,34
Himachal Pradesh,50
Jammu & Kashmir,24
Jharkhand,33
Karnataka,37
Kerala,62
Ladakh,30
Lakshadweep,20
Madhya Pradesh,41
Maharashtra,47
Manipur,39
Meghalaya,12
Mizoram,14
Nagaland,17
Odisha,49
Puducherry,20
Punjab,67
Rajasthan,52
Sikkim,24
Tamil Nadu,22
Telangana,33
Tripura,32
Uttar Pradesh,31
Uttarakhand,30
West Bengal,38
