airport,state_slug
ADAMPUR (JALANDHAR),punjab
AGARTALA,tripura
AGATTI,lakshadweep
AGRA,uttar-pradesh
AHMEDABAD,gujarat
AIZAWL(LENGPUI),mizoram
ALIGARH,uttar-pradesh
AMBIKAPUR,chhattisgarh
AMRAVATI,maharashtra
AMRITSAR,punjab
AURANGABAD,maharashtra
AYODHYA,uttar-pradesh
AZAMGARH,uttar-pradesh
BAGDOGRA,west-bengal
BARAPANI (SHILLONG),meghalaya
BAREILLY,uttar-pradesh
BELAGAVI,karnataka
BENGALURU (BIAL),karnataka
BENGALURU (HAL),karnataka
BHATINDA,punjab
BHAVNAGAR,gujarat
BHOPAL,madhya-pradesh
BHUBANESWAR,odisha
BHUJ,gujarat
BHUNTAR (KULLU MANALI),himachal-pradesh
BIDAR,karnataka
BIKANER,rajasthan
BILASPUR,chhattisgarh
CHANDIGARH,chandigarh
CHENNAI,tamil-nadu
CHITRAKOOT,uttar-pradesh
COIMBATORE,tamil-nadu
COOCHBEHER,west-bengal
CUDDAPAH,andhra-pradesh
DAMAN,dadra-and-nagar-haveli-and-daman-and-diu
DARBHANGA,bihar
DATIA,madhya-pradesh
DEHRADUN,uttarakhand
DELHI (DIAL),delhi
DEOGHAR,jharkhand
DIMAPUR,nagaland
DIU,dadra-and-nagar-haveli-and-daman-and-diu
DURGAPUR,west-bengal
GAGGAL (KANGRA),himachal-pradesh
GAYA,bihar
GOA (DABOLIM),goa
GOA (MOPA),goa
GONDIA,maharashtra
GORAKHPUR,uttar-pradesh
GUWAHATI,assam
GWALIOR,madhya-pradesh
HINDON,uttar-pradesh
HISAR,haryana
HUBBALI,karnataka
HYDERABAD (BEGUMPET),telangana
HYDERABAD (GHIAL),telangana
IMPHAL,manipur
INDORE,madhya-pradesh
ITANAGAR (HOLONGI),arunachal-pradesh
JABALPUR,madhya-pradesh
JAGDALPUR,chhattisgarh
JAIPUR,rajasthan
JAISALMER,rajasthan
JALGAON,maharashtra
JAMMU,jammu-and-kashmir
JAMNAGAR,gujarat
JAMSHEDPUR,jharkhand
JEYPORE,odisha
JHARSUGUDA,odisha
JODHPUR,rajasthan
JORHAT,assam
JUHU,maharashtra
KALABURAGI (GULBARGA),karnataka
KANDLA,gujarat
KANNUR (KIAL),keralam
KANPUR (CHAKERI),uttar-pradesh
KANPUR (CIVIL),uttar-pradesh
KESHOD (JUNAGARH),gujarat
KHAJURAHO,madhya-pradesh
KISHANGARH,rajasthan
KOCHI,keralam
KOLHAPUR,maharashtra
KOLKATA,west-bengal
KOTA,rajasthan
KOZHIKODE,keralam
KURNOOL,andhra-pradesh
KUSHINAGAR,uttar-pradesh
LAKHIMPUR (LILABARI),assam
LEH,ladakh
LUCKNOW,uttar-pradesh
LUDHIANA (HALWARA),punjab
MADURAI,tamil-nadu
MANGALURU,karnataka
MOHANBARI (DIBRUGARH),assam
MORADABAD,uttar-pradesh
MUMBAI (MIAL),maharashtra
MUNDRA,gujarat
MYSURU,karnataka
NAGPUR,maharashtra
NANDED,maharashtra
NASIK (HAL OZAR),maharashtra
NAVI MUMBAI (NMIAL),maharashtra
NOIDA (NIAL),uttar-pradesh
PAKYONG,sikkim
PANTNAGAR,uttarakhand
PASIGHAT,arunachal-pradesh
PATHANKOT,punjab
PATNA,bihar
PITHORAGARH,uttarakhand
PORBANDAR,gujarat
PORT BLAIR,andaman-and-nicobar-islands
PRAYAGRAJ,uttar-pradesh
PUDUCHERRY,puducherry
PUNE,maharashtra
PURNEA,bihar
RAIPUR,chhattisgarh
RAJAHMUNDRY,andhra-pradesh
RAJKOT (HIRASAR),gujarat
RANCHI,jharkhand
REWA,madhya-pradesh
ROURKELA,odisha
RUPSI,assam
SAFDARJUNG,delhi
SALEM,tamil-nadu
SATNA,madhya-pradesh
SHIMLA,himachal-pradesh
SHIRDI,maharashtra
SHIVAMOGGA,karnataka
SHOLAPUR,maharashtra
SHRAVASTI,uttar-pradesh
SILCHAR,assam
SINDHUDURG,maharashtra
SRINAGAR,jammu-and-kashmir
SURAT,gujarat
TEZPUR,assam
TEZU,arunachal-pradesh
THIRUVANANTHAPURAM,keralam
TIRUCHIRAPPALLI,tamil-nadu
TIRUPATI,andhra-pradesh
TUTICORIN,tamil-nadu
UDAIPUR,rajasthan
UTKELA,odisha
VADODARA,gujarat
VARANASI,uttar-pradesh
VIJAYANAGAR,karnataka
VIJAYAWADA,andhra-pradesh
VISAKHAPATNAM (GVIAL),andhra-pradesh
ZIRO,arunachal-pradesh
