alias,entity_slug,period_from,period_to
All India,india,,
All-India,india,,
India Total,india,,
Total (All India),india,,
Grand Total,india,,
A & N Islands,andaman-and-nicobar-islands,,
A&N Islands,andaman-and-nicobar-islands,,
A and N Islands,andaman-and-nicobar-islands,,
Andaman & Nicobar,andaman-and-nicobar-islands,,
Andaman and Nicobar,andaman-and-nicobar-islands,,
Andaman & N. Island,andaman-and-nicobar-islands,,
Andaman & N. Islands,andaman-and-nicobar-islands,,
Andaman & Nicobar Island,andaman-and-nicobar-islands,,
Andhra Pradesh,andhra-pradesh-undivided,,
Andhra Pradesh (Undivided),andhra-pradesh-undivided,,
Undivided Andhra Pradesh,andhra-pradesh-undivided,,
Arunachal,arunachal-pradesh,,
Chattisgarh,chhattisgarh,,
Chhatisgarh,chhattisgarh,,
D & N Haveli,dadra-and-nagar-haveli,,
D&N Haveli,dadra-and-nagar-haveli,,
Dadra & Nagar Haveli,dadra-and-nagar-haveli,,
D & N Haveli and Daman & Diu,dadra-and-nagar-haveli-and-daman-and-diu,,
DNH & DD,dadra-and-nagar-haveli-and-daman-and-diu,,
DNH and DD,dadra-and-nagar-haveli-and-daman-and-diu,,
Dadra & Nagar Haveli and D&D,dadra-and-nagar-haveli-and-daman-and-diu,,
Dadra & Nagar Haveli and Daman & Diu,dadra-and-nagar-haveli-and-daman-and-diu,,
The Dadra and Nagar Haveli and Daman and Diu,dadra-and-nagar-haveli-and-daman-and-diu,,
Daman & Diu,daman-and-diu,,
Delhi UT,delhi,,
Delhi (UT),delhi,,
NCT of Delhi,delhi,,
Delhi NCT,delhi,,
National Capital Territory of Delhi,delhi,,
J & K,jammu-and-kashmir,,
J&K,jammu-and-kashmir,,
Jammu & Kashmir,jammu-and-kashmir,,
Jammu and Kashmir (UT),jammu-and-kashmir,,
Jammu & Kashmir (UT),jammu-and-kashmir,,
J & K,jammu-and-kashmir-state,,
J&K,jammu-and-kashmir-state,,
Jammu & Kashmir,jammu-and-kashmir-state,,
Jammu and Kashmir,jammu-and-kashmir-state,,
Jammu & Kashmir (incl. Ladakh),jammu-and-kashmir-state,,
Ladakh (UT),ladakh,,
Lakshadweep (UT),lakshadweep,,
Kerala,keralam,,
Punjab India,punjab,,
Jammu and Kashmir (union territory),jammu-and-kashmir,,
Puducherry (union territory),puducherry,,
Orissa,odisha,,
Pondicherry,puducherry,,
Puduchery,puducherry,,
Puducherry (UT),puducherry,,
Chandigarh (UT),chandigarh,,
Tamilnadu,tamil-nadu,,
Telengana,telangana,,
Uttaranchal,uttarakhand,,
Uttrakhand,uttarakhand,,
Uttar Pardesh,uttar-pradesh,,
W. Bengal,west-bengal,,
WB,west-bengal,,
NCT Delhi,delhi,,
Daman & Diu And Dadra & Nagar Haveli,dadra-and-nagar-haveli-and-daman-and-diu,,
Jammu & Kashmir and Ladakh,jammu-and-kashmir-state,,
Dadra and Nagar Haveli and Daman an,dadra-and-nagar-haveli-and-daman-and-diu,,
