slug,name,name_hi,state_slug,population_2011,latitude,longitude,wikidata_qid,ncrb_name,cpcb_name
mumbai,Mumbai,मुम्बई,maharashtra,12442373,19.076,72.8777,Q1156,Mumbai,Mumbai
delhi-city,Delhi,दिल्ली,delhi,11034555,28.7041,77.1025,Q1353,Delhi City,Delhi
bengaluru,Bengaluru,बेंगलुरु,karnataka,8443675,12.9716,77.5946,Q1355,Bengaluru,Bengaluru
hyderabad,Hyderabad,हैदराबाद,telangana,6993262,17.385,78.4867,Q1361,Hyderabad,Hyderabad
chennai,Chennai,चेन्नई,tamil-nadu,6748026,13.0827,80.2707,Q1352,Chennai,Chennai
ahmedabad,Ahmedabad,अहमदाबाद,gujarat,5577940,23.0225,72.5714,Q1070,Ahmedabad,Ahmedabad
kolkata,Kolkata,कोलकाता,west-bengal,4496694,22.5726,88.3639,Q1348,Kolkata,Kolkata
surat,Surat,सूरत,gujarat,4467797,21.1702,72.8311,Q4629,Surat,Surat
pune,Pune,पुणे,maharashtra,3124458,18.5204,73.8567,Q1538,Pune,Pune
jaipur,Jaipur,जयपुर,rajasthan,3046163,26.9124,75.7873,Q66485,Jaipur,Jaipur
lucknow,Lucknow,लखनऊ,uttar-pradesh,2817105,26.8467,80.9462,Q47916,Lucknow,Lucknow
kanpur,Kanpur,कानपुर,uttar-pradesh,2765348,26.4499,80.3319,Q66568,Kanpur,Kanpur
nagpur,Nagpur,नागपुर,maharashtra,2405665,21.1458,79.0882,Q1513,Nagpur,Nagpur
indore,Indore,इंदौर,madhya-pradesh,1964086,22.7196,75.8577,Q66616,Indore,Indore
thane,Thane,ठाणे,maharashtra,1841488,19.2183,72.9781,Q207749,,Thane
bhopal,Bhopal,भोपाल,madhya-pradesh,1798218,23.2599,77.4126,Q80989,,Bhopal
visakhapatnam,Visakhapatnam,विशाखापत्तनम,andhra-pradesh,1728128,17.6868,83.2185,Q200016,,Visakhapatnam
pimpri-chinchwad,Pimpri-Chinchwad,पिंपरी-चिंचवड,maharashtra,1727692,18.6279,73.8009,Q119219,,Pimpri-Chinchwad
patna,Patna,पटना,bihar,1684222,25.5941,85.1376,Q80484,Patna,Patna
vadodara,Vadodara,वड़ोदरा,gujarat,1670806,22.3072,73.1812,Q11909,,Vadodara
ghaziabad,Ghaziabad,गाज़ियाबाद,uttar-pradesh,1648643,28.6692,77.4538,Q207098,Ghaziabad,Ghaziabad
ludhiana,Ludhiana,लुधियाना,punjab,1618879,30.9,75.8573,Q200123,,Ludhiana
agra,Agra,आगरा,uttar-pradesh,1585704,27.1767,78.0081,Q42941,,Agra
nashik,Nashik,नासिक,maharashtra,1486053,20.0112,73.7909,Q200235,,Nashik
faridabad,Faridabad,फरीदाबाद,haryana,1414050,28.4089,77.3178,Q200663,,Faridabad
meerut,Meerut,मेरठ,uttar-pradesh,1305429,28.9845,77.7064,Q200237,,Meerut
rajkot,Rajkot,राजकोट,gujarat,1286678,22.3039,70.8022,Q11854,,Rajkot
kalyan-dombivli,Kalyan-Dombivli,कल्याण-डोंबिवली,maharashtra,1247327,19.2358,73.1307,Q581999,,Kalyan
vasai-virar,Vasai-Virar,वसई-विरार,maharashtra,1222390,19.3925,72.8328,Q580876,,Virar
varanasi,Varanasi,वाराणसी,uttar-pradesh,1198491,25.3176,82.9739,Q79980,,Varanasi
srinagar,Srinagar,श्रीनगर,jammu-and-kashmir,1180570,34.0836,74.7973,Q170115,,Srinagar
chhatrapati-sambhajinagar,Chhatrapati Sambhajinagar,छत्रपति संभाजीनगर,maharashtra,1175116,19.8762,75.3433,Q200713,,Aurangabad (Maharashtra)
dhanbad,Dhanbad,धनबाद,jharkhand,1162472,23.7957,86.4304,Q244159,,Dhanbad
amritsar,Amritsar,अमृतसर,punjab,1132383,31.634,74.8723,Q48403,,Amritsar
navi-mumbai,Navi Mumbai,नवी मुंबई,maharashtra,1120547,19.033,73.0297,Q61445,,Navi Mumbai
prayagraj,Prayagraj,प्रयागराज,uttar-pradesh,1112544,25.4358,81.8463,Q162442,,Prayagraj
howrah,Howrah,हावड़ा,west-bengal,1077075,22.5958,88.2636,Q205697,,Howrah
ranchi,Ranchi,राँची,jharkhand,1073427,23.3441,85.3096,Q174461,,
jabalpur,Jabalpur,जबलपुर,madhya-pradesh,1055525,23.1815,79.9864,Q200878,,Jabalpur
gwalior,Gwalior,ग्वालियर,madhya-pradesh,1054420,26.2183,78.1828,Q158467,,Gwalior
coimbatore,Coimbatore,कोयंबतूर,tamil-nadu,1050721,11.0168,76.9558,Q9885,Coimbatore,Coimbatore
vijayawada,Vijayawada,विजयवाड़ा,andhra-pradesh,1034358,16.5062,80.648,Q200017,,Vijayawada
jodhpur,Jodhpur,जोधपुर,rajasthan,1033756,26.2389,73.0243,Q200019,,Jodhpur
madurai,Madurai,मदुरई,tamil-nadu,1017865,9.9252,78.1198,Q228405,,Madurai
raipur,Raipur,रायपुर,chhattisgarh,1010433,21.2514,81.6296,Q372773,,Raipur
kota,Kota,कोटा,rajasthan,1001694,25.2138,75.8648,Q330531,,Kota
chandigarh-city,Chandigarh,चण्डीगढ़,chandigarh,961587,30.75,76.78,Q43433,,Chandigarh
guwahati,Guwahati,गुवाहाटी,assam,957352,26.183,91.733,Q199605,,Guwahati
solapur,Solapur,सोलापुर,maharashtra,951558,17.68,75.92,Q237847,,Solapur
hubballi-dharwad,Hubballi-Dharwad,हुब्बल्ली-धारवाड़,karnataka,943788,15.3617,75.085,Q1707092,,Hubballi
bareilly,Bareilly,बरेली,uttar-pradesh,903668,28.167,78.383,Q213026,,Bareilly
mysuru,Mysuru,मैसूरु,karnataka,893062,12.26,76.6,Q10086,,Mysuru
moradabad,Moradabad,मुरादाबाद,uttar-pradesh,887871,28.83,78.78,Q330643,,Moradabad
gurugram,Gurugram,गुरुग्राम,haryana,876969,28.456,77.029,Q238508,,Gurugram
aligarh,Aligarh,अलीगढ़,uttar-pradesh,874408,27.88,78.08,Q201832,,
jalandhar,Jalandhar,जलंधर,punjab,862886,31.326,75.576,Q33377,,Jalandhar
tiruchirappalli,Tiruchirappalli,तिरुचिरापल्ली,tamil-nadu,847387,10.805,78.6856,Q207754,,Tiruchirappalli
bhubaneswar,Bhubaneswar,भुवनेश्वर,odisha,843402,20.27,85.84,Q171771,,Bhubaneswar
salem,Salem,सेलम,tamil-nadu,829267,11.65,78.16,Q9863,,Salem
mira-bhayandar,Mira-Bhayandar,मीरा भयंदर,maharashtra,809378,19.29,72.85,Q1006343,,Mira-Bhayandar
thiruvananthapuram,Thiruvananthapuram,तिरुवनन्तपुरम,keralam,743691,8.4875,76.9525,Q167715,,Thiruvananthapuram
bhiwandi,Bhiwandi,भिवंडी,maharashtra,711329,19.2967,73.0631,Q645725,,Bhiwandi
saharanpur,Saharanpur,सहारनपुर,uttar-pradesh,705478,29.964,77.546,Q242895,,
gorakhpur,Gorakhpur,गोरखपुर,uttar-pradesh,673446,26.7588,83.3697,Q5584396,,Gorakhpur
guntur,Guntur,गुंटूर,andhra-pradesh,647508,16.2,80.27,Q3120966,,Guntur
amravati,Amravati,अमरावती,maharashtra,647057,20.9258,77.7647,Q269899,,Amravati
bikaner,Bikaner,बीकानेर,rajasthan,644406,28.0167,73.3119,Q200718,,Bikaner
noida,Noida,नोएडा,uttar-pradesh,637272,28.57,77.32,Q278204,,Noida
jamshedpur,Jamshedpur,जमशेदपुर,jharkhand,631364,22.783,86.2,Q200054,,
bhilai,Bhilai,भिलाई,chhattisgarh,625700,21.21,81.38,Q242144,,Bhilai
warangal,Warangal,वरंगल,telangana,615998,18.0,79.58,Q25563103,,
cuttack,Cuttack,कटक,odisha,610189,20.5231,85.7881,Q207324,,Cuttack
firozabad,Firozabad,फ़िरोज़ाबाद,uttar-pradesh,604214,27.15,78.4,Q1452991,,Firozabad
kochi,Kochi,कोच्चि,keralam,602046,9.967,76.217,Q1800,Kochi,
bhavnagar,Bhavnagar,भावनगर,gujarat,593368,21.76,72.15,Q242992,,Bhavnagar
dehradun,Dehradun,देहरादून,uttarakhand,569578,30.318,78.029,Q199528,,Dehradun
durgapur,Durgapur,दुर्गापुर,west-bengal,566517,23.48,87.32,Q5088,,Durgapur
asansol,Asansol,आसनसोल,west-bengal,563917,23.68,86.99,Q202139,,Asansol
nanded-waghala,Nanded Waghala,नांदेड़,maharashtra,550439,19.15,77.3,Q855122,,
kolhapur,Kolhapur,कोल्हापुर,maharashtra,549236,16.6917,74.2333,Q209698,,Kolhapur
ajmer,Ajmer,अजमेर,rajasthan,542321,26.45,74.64,Q200049,,Ajmer
kalaburagi,Kalaburagi,कलबुर्गी,karnataka,533587,17.3333,76.8333,Q37112,,Kalaburagi
loni,Loni,लोनी,uttar-pradesh,516082,28.75,77.28,Q61436,,
ujjain,Ujjain,उज्जैन,madhya-pradesh,515215,23.167,75.767,Q200119,,Ujjain
siliguri,Siliguri,सिलीगुड़ी,west-bengal,513264,26.71,88.43,Q5087,,Siliguri
ulhasnagar,Ulhasnagar,उल्हासनगर,maharashtra,506098,19.22,73.15,Q460222,,Ulhasnagar
jhansi,Jhansi,झाँसी,uttar-pradesh,505693,25.4486,78.5696,Q242995,,Jhansi
sangli-miraj-and-kupwad,Sangli-Miraj & Kupwad,सांगली मिरज कुपवाड़,maharashtra,502793,16.8604,74.5655,Q882357,,Sangli
jammu,Jammu,जम्मू,jammu-and-kashmir,502197,32.73,74.87,Q255455,,
nellore,Nellore,नेल्लोर,andhra-pradesh,499575,14.43,79.97,Q61434,,Nellore
mangaluru,Mangaluru,मंगलुरु,karnataka,488968,12.87,74.88,Q127041,,Mangalore
belagavi,Belagavi,बेलगावी,karnataka,488157,15.85,74.5,Q270176,,Belgaum
jamnagar,Jamnagar,जामनगर,gujarat,479920,22.47,70.07,Q1154,,
tirunelveli,Tirunelveli,तिरूनेलवेली,tamil-nadu,473637,8.73,77.7,Q213248,,Tirunelveli
malegaon,Malegaon,मालेगांव,maharashtra,471312,18.42,77.53,Q580965,,Malegaon
gaya,Gaya,गया,bihar,468614,24.75,85.01,Q251329,,Gaya
jalgaon,Jalgaon,जलगाँव,maharashtra,460228,20.998,75.5667,Q30951,,Jalgaon
udaipur,Udaipur,उदयपुर,rajasthan,451100,24.525,73.6771,Q200340,,Udaipur
maheshtala,Maheshtala,महेशतला,west-bengal,448317,22.5086,88.2532,Q1807947,,
tiruppur,Tiruppur,तिरूपुर,tamil-nadu,444352,11.1075,77.3398,Q836527,,
davanagere,Davanagere,दावणगेरे,karnataka,434971,14.4666,75.9242,Q519486,,Davanagere
kozhikode,Kozhikode,कोझिकोड,keralam,431560,11.25,75.77,Q28729,Kozhikode,
kurnool,Kurnool,कुरनूल,andhra-pradesh,430214,15.8333,78.05,Q3635276,,Kurnool
akola,Akola,अकोला,maharashtra,425817,20.7,77.0,Q213014,,Akola
rajpur-sonarpur,Rajpur Sonarpur,राजपुर सोनारपुर,west-bengal,424368,22.4382,88.432,Q261988,,
bokaro,Bokaro,बोकारो,jharkhand,414820,23.67,86.15,Q861827,,
ballari,Ballari,बल्लारी,karnataka,410445,15.1,76.917,Q429063,,
patiala,Patiala,पटियाला,punjab,406192,30.32,76.4,Q208162,,Patiala
south-dum-dum,South Dum Dum,दक्षिण दम दम,west-bengal,403316,22.61,88.4,Q41538,,
agartala,Agartala,अगरतला,tripura,400004,23.833,91.267,Q170454,,Agartala
aizawl,Aizawl,आइज़ोल,mizoram,293416,23.43,92.43,Q192379,,Aizawl
imphal,Imphal,इम्फाल,manipur,268243,24.82,93.95,Q208097,,
puducherry-city,Puducherry,पुदुचेरी,puducherry,244377,11.931,79.7852,Q66743,,Puducherry
gandhinagar,Gandhinagar,गाँधीनगर,gujarat,206167,23.2167,72.6833,Q11910,,Gandhinagar
shimla,Shimla,शिमला,himachal-pradesh,169578,31.104,77.1708,Q83786,,
gangtok,Gangtok,गंगटोक,sikkim,,27.33,88.62,Q186141,,Gangtok
itanagar,Itanagar,ईटानगर,arunachal-pradesh,,27.1,93.62,Q41128,,
kavaratti,Kavaratti,कवरत्ती,lakshadweep,,10.5667,72.6389,Q271287,,
kohima,Kohima,कोहिमा,nagaland,,25.6667,94.1194,Q234056,,Kohima
leh,Leh,लेह,ladakh,,34.1642,77.5847,Q230818,,Leh
panaji,Panaji,पणजी,goa,,15.48,73.83,Q214681,,
shillong,Shillong,शिलांग,meghalaya,,25.5744,91.8789,Q207752,,Shillong
silvassa,Silvassa,सिलवास,dadra-and-nagar-haveli-and-daman-and-diu,,20.2667,73.0167,Q318404,,
sri-vijaya-puram,Sri Vijaya Puram,श्री विजयपुरम,andaman-and-nicobar-islands,,11.6667,92.75,Q203476,,Sri Vijaya Puram
