city,state_slug
Agartala,tripura
Agra,uttar-pradesh
Ahmedabad,gujarat
Ahmednagar,maharashtra
Aizawl,mizoram
Ajmer,rajasthan
Akola,maharashtra
Alwar,rajasthan
Amaravati,andhra-pradesh
Ambala,haryana
Ambernath,maharashtra
Amravati,maharashtra
Amritsar,punjab
Anantapur,andhra-pradesh
Angul,odisha
Ankleshwar,gujarat
Araria,bihar
Ariyalur,tamil-nadu
Arrah,bihar
Asansol,west-bengal
Aurangabad (Bihar),bihar
Aurangabad (Maharashtra),maharashtra
Baddi,himachal-pradesh
Badlapur,maharashtra
Bagalkot,karnataka
Baghpat,uttar-pradesh
Bahadurgarh,haryana
Balasore,odisha
Ballabgarh,haryana
Banswara,rajasthan
Baran,rajasthan
Baraut,uttar-pradesh
Barbil,odisha
Bareilly,uttar-pradesh
Baripada,odisha
Barmer,rajasthan
Barrackpore,west-bengal
Bathinda,punjab
Beed,maharashtra
Begusarai,bihar
Belapur,maharashtra
Belgaum,karnataka
Bengaluru,karnataka
Bettiah,bihar
Bhagalpur,bihar
Bharatpur,rajasthan
Bhavnagar,gujarat
Bhilai,chhattisgarh
Bhilwara,rajasthan
Bhiwadi,rajasthan
Bhiwandi,maharashtra
Bhiwani,haryana
Bhopal,madhya-pradesh
Bhubaneswar,odisha
Bidar,karnataka
Bihar sharif,bihar
Bikaner,rajasthan
Bilaspur,chhattisgarh
Bileipada,odisha
Boisar,maharashtra
Brajrajnagar,odisha
Bulandshahr,uttar-pradesh
Bundi,rajasthan
Buxar,bihar
Byasanagar,odisha
Byrnihat,meghalaya
Byrnihat (Assam),assam
Byrnihat (Meghalaya),meghalaya
Chamarajanagar,karnataka
Chandigarh,chandigarh
Chandrapur,maharashtra
Charkhi dadri,haryana
Chengalpattu,tamil-nadu
Chennai,tamil-nadu
Chhal,chhattisgarh
Chhapra,bihar
Chikkaballapur,karnataka
Chikkamagaluru,karnataka
Chittoor,andhra-pradesh
Chittorgarh,rajasthan
Churu,rajasthan
Coimbatore,tamil-nadu
Cuddalore,tamil-nadu
Cuttack,odisha
Damoh,madhya-pradesh
Dausa,rajasthan
Davanagere,karnataka
Dehradun,uttarakhand
Delhi,delhi
Dewas,madhya-pradesh
Dhanbad,jharkhand
Dharuhera,haryana
Dharwad,karnataka
Dholpur,rajasthan
Dhule,maharashtra
Dindigul,tamil-nadu
Dombivli,maharashtra
Dungarpur,rajasthan
Durgapur,west-bengal
Eloor,keralam
Eluru,andhra-pradesh
Faridabad,haryana
Fatehabad,haryana
Fatehpur sikri,uttar-pradesh
Firozabad,uttar-pradesh
Gadag,karnataka
Gajraula,uttar-pradesh
Gandhinagar,gujarat
Gangtok,sikkim
Gaya,bihar
Ghaziabad,uttar-pradesh
Gorakhpur,uttar-pradesh
Greater noida,uttar-pradesh
Gummidipoondi,tamil-nadu
Guntur,andhra-pradesh
Gurugram,haryana
Guwahati,assam
Gwalior,madhya-pradesh
Hajipur,bihar
Haldia,west-bengal
Hanumangarh,rajasthan
Hapur,uttar-pradesh
Hassan,karnataka
Haveri,karnataka
Hingoli,maharashtra
Hisar,haryana
Hosur,tamil-nadu
Howrah,west-bengal
Hubballi,karnataka
Hyderabad,telangana
Indore,madhya-pradesh
Jabalpur,madhya-pradesh
Jaipur,rajasthan
Jaisalmer,rajasthan
Jalandhar,punjab
Jalgaon,maharashtra
Jalna,maharashtra
Jalore,rajasthan
Jhalawar,rajasthan
Jhansi,uttar-pradesh
Jhunjhunu,rajasthan
Jind,haryana
Jodhpur,rajasthan
Jorapokhar,jharkhand
Kadapa,andhra-pradesh
Kaithal,haryana
Kakinada,andhra-pradesh
Kalaburagi,karnataka
Kalyan,maharashtra
Kanchipuram,tamil-nadu
Kannur,keralam
Kanpur,uttar-pradesh
Karauli,rajasthan
Karnal,haryana
Karur,tamil-nadu
Karwar,karnataka
Kashipur,uttarakhand
Katihar,bihar
Katni,madhya-pradesh
Keonjhar,odisha
Khairthal,rajasthan
Khanna,punjab
Khora,uttar-pradesh
Khurja,uttar-pradesh
Kishanganj,bihar
Kohima,nagaland
Kolhapur,maharashtra
Kolkata,west-bengal
Kollam,keralam
Koppal,karnataka
Korba,chhattisgarh
Kota,rajasthan
Kunjemura,chhattisgarh
Kurnool,andhra-pradesh
Kurukshetra,haryana
Latur,maharashtra
Leh,ladakh
Lucknow,uttar-pradesh
Ludhiana,punjab
Machilipatnam,andhra-pradesh
Madikeri,karnataka
Madurai,tamil-nadu
Mahad,maharashtra
Maihar,madhya-pradesh
Malegaon,maharashtra
Mandi gobindgarh,punjab
Mandideep,madhya-pradesh
Mandikhera,haryana
Manesar,haryana
Mangalore,karnataka
Manguraha,bihar
Mathura,uttar-pradesh
Meerut,uttar-pradesh
Mehsana,gujarat
Milupara,chhattisgarh
Mira-bhayandar,maharashtra
Modinagar,uttar-pradesh
Moradabad,uttar-pradesh
Motihari,bihar
Mumbai,maharashtra
Munger,bihar
Muzaffarnagar,uttar-pradesh
Muzaffarpur,bihar
Mysuru,karnataka
Nagaon,assam
Nagapattinam,tamil-nadu
Nagaur,rajasthan
Nagpur,maharashtra
Naharlagun,arunachal-pradesh
Nalbari,assam
Namakkal,tamil-nadu
Nanded,maharashtra
Nandesari,gujarat
Narnaul,haryana
Nashik,maharashtra
Navi mumbai,maharashtra
Nayagarh,odisha
Nellore,andhra-pradesh
Noida,uttar-pradesh
Ooty,tamil-nadu
Pali,rajasthan
Palkalaiperur,tamil-nadu
Palwal,haryana
Pampore,jammu-and-kashmir
Panchgaon,haryana
Panchkula,haryana
Panipat,haryana
Paradeep,odisha
Parbhani,maharashtra
Patiala,punjab
Patna,bihar
Perundurai,tamil-nadu
Pimpri-chinchwad,maharashtra
Pithampur,madhya-pradesh
Pratapgarh,rajasthan
Prayagraj,uttar-pradesh
Puducherry,puducherry
Pudukottai,tamil-nadu
Pune,maharashtra
Purnia,bihar
Raebareli,uttar-pradesh
Raipur,chhattisgarh
Rairangpur,odisha
Rajamahendravaram,andhra-pradesh
Rajgir,bihar
Rajkot,gujarat
Rajsamand,rajasthan
Ramanagara,karnataka
Ramanathapuram,tamil-nadu
Ranipet,tamil-nadu
Ratlam,madhya-pradesh
Rishikesh,uttarakhand
Rohtak,haryana
Rourkela,odisha
Rupnagar,punjab
Sagar,madhya-pradesh
Saharsa,bihar
Salem,tamil-nadu
Samastipur,bihar
Sangli,maharashtra
Sasaram,bihar
Satara,maharashtra
Satna,madhya-pradesh
Sawai madhopur,rajasthan
Shamli,uttar-pradesh
Shillong,meghalaya
Shivamogga,karnataka
Sikar,rajasthan
Silchar,assam
Siliguri,west-bengal
Singrauli,madhya-pradesh
Sirohi,rajasthan
Sirsa,haryana
Sivasagar,assam
Siwan,bihar
Solapur,maharashtra
Sonipat,haryana
Sri ganganagar,rajasthan
Sri Vijaya Puram,andaman-and-nicobar-islands
Srikakulam,andhra-pradesh
Srinagar,jammu-and-kashmir
Suakati,odisha
Surat,gujarat
Talcher,odisha
Tensa,odisha
Thane,maharashtra
Thanjavur,tamil-nadu
Thiruvananthapuram,keralam
Thoothukudi,tamil-nadu
Thrissur,keralam
Tiruchirappalli,tamil-nadu
Tirumala,andhra-pradesh
Tirunelveli,tamil-nadu
Tirupati,andhra-pradesh
Tirupur,tamil-nadu
Tonk,rajasthan
Tumakuru,karnataka
Tumidih,chhattisgarh
Udaipur,rajasthan
Udupi,karnataka
Ujjain,madhya-pradesh
Ulhasnagar,maharashtra
Vadodara,gujarat
Vapi,gujarat
Varanasi,uttar-pradesh
Vatva,gujarat
Vellore,tamil-nadu
Vijayapura,karnataka
Vijayawada,andhra-pradesh
Virar,maharashtra
Virudhunagar,tamil-nadu
Visakhapatnam,andhra-pradesh
Vrindavan,uttar-pradesh
Yadgir,karnataka
Yamuna nagar,haryana
