entity_slug,year,persons_000,male_000,female_000
india,2011,1216147,625942,590205
arunachal-pradesh,2011,1388,716,672
assam,2011,31336,16004,15332
bihar,2011,104771,54624,50147
chhattisgarh,2011,25680,12900,12781
goa,2011,1462,741,721
gujarat,2011,60754,31663,29091
haryana,2011,25492,13567,11924
himachal-pradesh,2011,6884,3492,3392
jharkhand,2011,33176,17026,16150
karnataka,2011,61304,31073,30231
keralam,2011,33484,16065,17419
madhya-pradesh,2011,73039,37821,35218
maharashtra,2011,112798,58470,54328
manipur,2011,2864,1442,1421
meghalaya,2011,2975,1496,1479
mizoram,2011,1100,557,543
nagaland,2011,1984,1027,957
odisha,2011,42051,21221,20830
punjab,2011,27836,14687,13150
rajasthan,2011,68928,35738,33190
sikkim,2011,612,324,288
tamil-nadu,2011,72313,36218,36095
tripura,2011,3684,1879,1805
uttar-pradesh,2011,200897,105036,95862
uttarakhand,2011,10131,5162,4969
west-bengal,2011,91530,46932,44597
andaman-and-nicobar-islands,2011,381,203,178
chandigarh,2011,1061,583,478
delhi,2011,16914,9054,7860
lakshadweep,2011,65,33,31
puducherry,2011,1258,617,641
andhra-pradesh-undivided,2011,84774,42537,42236
jammu-and-kashmir-state,2011,12584,6661,5923
dadra-and-nagar-haveli,2011,351,198,153
daman-and-diu,2011,249,155,94
india,2012,1232023,633957,598066
arunachal-pradesh,2012,1403,723,679
assam,2012,31729,16200,15529
bihar,2012,106787,55663,51123
chhattisgarh,2012,26086,13100,12986
goa,2012,1473,746,727
gujarat,2012,61698,32179,29519
haryana,2012,25912,13785,12127
himachal-pradesh,2012,6943,3522,3421
jharkhand,2012,33738,17312,16426
karnataka,2012,61931,31394,30537
keralam,2012,33719,16179,17540
madhya-pradesh,2012,74275,38446,35829
maharashtra,2012,114068,59151,54917
manipur,2012,2895,1458,1437
meghalaya,2012,3007,1512,1496
mizoram,2012,1112,563,549
nagaland,2012,2005,1038,967
odisha,2012,42282,21247,21035
punjab,2012,28116,14828,13288
rajasthan,2012,70066,36297,33769
sikkim,2012,619,327,292
tamil-nadu,2012,72811,36459,36352
tripura,2012,3724,1899,1825
uttar-pradesh,2012,204152,106701,97451
uttarakhand,2012,10265,5233,5031
west-bengal,2012,92290,47301,44989
andaman-and-nicobar-islands,2012,384,204,179
chandigarh,2012,1077,591,486
delhi,2012,17292,9252,8040
lakshadweep,2012,65,33,32
puducherry,2012,1289,631,658
andhra-pradesh-undivided,2012,85424,42860,42563
jammu-and-kashmir-state,2012,12713,6723,5989
dadra-and-nagar-haveli,2012,373,212,161
daman-and-diu,2012,266,168,98
india,2013,1247899,641972,605927
arunachal-pradesh,2013,1418,731,687
assam,2013,32121,16395,15727
bihar,2013,108802,56702,52099
chhattisgarh,2013,26491,13300,13191
goa,2013,1483,751,733
gujarat,2013,62642,32695,29947
haryana,2013,26333,14004,12330
himachal-pradesh,2013,7002,3551,3450
jharkhand,2013,34300,17598,16702
karnataka,2013,62558,31714,30844
keralam,2013,33953,16292,17661
madhya-pradesh,2013,75510,39071,36440
maharashtra,2013,115339,59833,55506
manipur,2013,2926,1473,1453
meghalaya,2013,3040,1528,1512
mizoram,2013,1124,569,556
nagaland,2013,2027,1049,978
odisha,2013,42513,21272,21240
punjab,2013,28395,14970,13425
rajasthan,2013,71204,36857,34347
sikkim,2013,626,331,295
tamil-nadu,2013,73308,36700,36608
tripura,2013,3764,1919,1845
uttar-pradesh,2013,207407,108367,99040
uttarakhand,2013,10398,5305,5093
west-bengal,2013,93051,47671,45380
andaman-and-nicobar-islands,2013,386,205,181
chandigarh,2013,1093,599,494
delhi,2013,17670,9451,8219
lakshadweep,2013,65,34,32
puducherry,2013,1320,644,676
andhra-pradesh-undivided,2013,86074,43183,42891
jammu-and-kashmir-state,2013,12841,6786,6056
dadra-and-nagar-haveli,2013,394,226,169
daman-and-diu,2013,283,181,102
india,2014,1263775,649988,613788
andhra-pradesh,2014,50773,25417,25356
arunachal-pradesh,2014,1433,739,694
assam,2014,32514,16590,15924
bihar,2014,110817,57741,53076
chhattisgarh,2014,26896,13500,13396
goa,2014,1494,756,738
gujarat,2014,63585,33211,30374
haryana,2014,26754,14222,12532
himachal-pradesh,2014,7061,3581,3480
jharkhand,2014,34863,17884,16979
karnataka,2014,63184,32034,31151
keralam,2014,34188,16405,17782
madhya-pradesh,2014,76746,39696,37051
maharashtra,2014,116609,60514,56095
manipur,2014,2957,1488,1469
meghalaya,2014,3072,1543,1529
mizoram,2014,1136,575,562
nagaland,2014,2049,1060,989
odisha,2014,42743,21298,21445
punjab,2014,28674,15111,13563
rajasthan,2014,72343,37417,34926
sikkim,2014,632,334,298
tamil-nadu,2014,73806,36940,36865
telangana,2014,35951,18089,17863
tripura,2014,3804,1939,1865
uttar-pradesh,2014,210662,110033,100629
uttarakhand,2014,10532,5377,5155
west-bengal,2014,93811,48040,45771
andaman-and-nicobar-islands,2014,388,206,182
chandigarh,2014,1109,607,503
delhi,2014,18047,9649,8398
lakshadweep,2014,66,34,32
puducherry,2014,1351,658,693
jammu-and-kashmir-state,2014,12970,6848,6122
dadra-and-nagar-haveli,2014,416,239,177
daman-and-diu,2014,301,194,106
india,2015,1279651,658003,621648
andhra-pradesh,2015,51132,25593,25539
arunachal-pradesh,2015,1448,746,702
assam,2015,32906,16785,16122
bihar,2015,112832,58780,54052
chhattisgarh,2015,27301,13700,13601
goa,2015,1505,761,744
gujarat,2015,64529,33727,30802
haryana,2015,27175,14440,12735
himachal-pradesh,2015,7119,3611,3509
jharkhand,2015,35425,18170,17255
karnataka,2015,63811,32354,31457
keralam,2015,34422,16519,17903
madhya-pradesh,2015,77982,40320,37662
maharashtra,2015,117880,61195,56685
manipur,2015,2988,1504,1485
meghalaya,2015,3105,1559,1545
mizoram,2015,1148,580,568
nagaland,2015,2070,1071,999
odisha,2015,42974,21324,21650
punjab,2015,28954,15253,13701
rajasthan,2015,73481,37976,35504
sikkim,2015,639,338,301
tamil-nadu,2015,74303,37181,37122
telangana,2015,36243,18236,18007
tripura,2015,3844,1959,1885
uttar-pradesh,2015,213917,111698,102218
uttarakhand,2015,10666,5449,5217
west-bengal,2015,94572,48409,46162
andaman-and-nicobar-islands,2015,390,207,183
chandigarh,2015,1125,615,511
delhi,2015,18425,9848,8577
lakshadweep,2015,66,34,32
puducherry,2015,1381,671,710
jammu-and-kashmir-state,2015,13099,6910,6189
dadra-and-nagar-haveli,2015,438,253,185
daman-and-diu,2015,318,208,110
india,2016,1294976,665720,629255
andhra-pradesh,2016,51466,25757,25709
arunachal-pradesh,2016,1463,754,709
assam,2016,33293,16977,16317
bihar,2016,114770,59776,54994
chhattisgarh,2016,27700,13898,13802
goa,2016,1515,766,749
gujarat,2016,65467,34239,31227
haryana,2016,27590,14654,12936
himachal-pradesh,2016,7174,3639,3536
jharkhand,2016,35978,18450,17528
karnataka,2016,64403,32657,31746
keralam,2016,34639,16624,18015
madhya-pradesh,2016,79187,40929,38258
maharashtra,2016,119107,61853,57255
manipur,2016,3019,1519,1500
meghalaya,2016,3137,1575,1562
mizoram,2016,1160,586,574
nagaland,2016,2092,1082,1010
odisha,2016,43188,21341,21847
punjab,2016,29220,15387,13833
rajasthan,2016,74576,38511,36065
sikkim,2016,646,341,304
tamil-nadu,2016,74753,37397,37356
telangana,2016,36525,18377,18147
tripura,2016,3884,1979,1905
uttar-pradesh,2016,217075,113311,103763
uttarakhand,2016,10798,5519,5278
west-bengal,2016,95282,48752,46530
andaman-and-nicobar-islands,2016,392,208,184
chandigarh,2016,1141,622,519
delhi,2016,18803,10046,8757
lakshadweep,2016,67,34,32
puducherry,2016,1413,685,728
jammu-and-kashmir-state,2016,13219,6968,6251
dadra-and-nagar-haveli,2016,463,269,194
daman-and-diu,2016,339,224,115
india,2017,1309197,672843,636354
andhra-pradesh,2017,51749,25895,25854
arunachal-pradesh,2017,1478,761,717
assam,2017,33668,17162,16506
bihar,2017,116551,60683,55868
chhattisgarh,2017,28084,14090,13994
goa,2017,1524,770,754
gujarat,2017,66393,34745,31647
haryana,2017,27996,14862,13134
himachal-pradesh,2017,7221,3662,3559
jharkhand,2017,36512,18718,17794
karnataka,2017,64926,32926,32001
keralam,2017,34821,16714,18107
madhya-pradesh,2017,80329,41503,38826
maharashtra,2017,120249,62463,57786
manipur,2017,3050,1534,1516
meghalaya,2017,3169,1590,1578
mizoram,2017,1172,592,580
nagaland,2017,2113,1092,1021
odisha,2017,43369,21341,22029
punjab,2017,29460,15506,13953
rajasthan,2017,75584,38996,36589
sikkim,2017,652,344,308
tamil-nadu,2017,75106,37561,37545
telangana,2017,36778,18504,18274
tripura,2017,3924,1998,1925
uttar-pradesh,2017,220039,114818,105221
uttarakhand,2017,10927,5588,5339
west-bengal,2017,95891,49040,46852
andaman-and-nicobar-islands,2017,394,209,185
chandigarh,2017,1155,629,526
delhi,2017,19182,10242,8940
lakshadweep,2017,67,34,33
puducherry,2017,1447,700,747
jammu-and-kashmir-state,2017,13323,7017,6306
dadra-and-nagar-haveli,2017,494,289,205
daman-and-diu,2017,367,247,120
india,2018,1323419,679966,643453
andhra-pradesh,2018,52032,26034,25999
arunachal-pradesh,2018,1493,768,724
assam,2018,34043,17348,16695
bihar,2018,118333,61591,56741
chhattisgarh,2018,28468,14282,14186
goa,2018,1534,775,759
gujarat,2018,67319,35251,32067
haryana,2018,28401,15069,13332
himachal-pradesh,2018,7268,3686,3582
jharkhand,2018,37047,18986,18060
karnataka,2018,65450,33194,32255
keralam,2018,35003,16804,18200
madhya-pradesh,2018,81471,42077,39393
maharashtra,2018,121391,63074,58318
manipur,2018,3080,1549,1532
meghalaya,2018,3200,1606,1595
mizoram,2018,1184,598,586
nagaland,2018,2134,1103,1031
odisha,2018,43550,21341,22210
punjab,2018,29699,15626,14074
rajasthan,2018,76592,39480,37112
sikkim,2018,659,348,311
tamil-nadu,2018,75460,37726,37734
telangana,2018,37030,18630,18400
tripura,2018,3963,2018,1945
uttar-pradesh,2018,223003,116325,106678
uttarakhand,2018,11055,5657,5399
west-bengal,2018,96500,49328,47173
andaman-and-nicobar-islands,2018,396,209,186
chandigarh,2018,1170,636,534
delhi,2018,19561,10439,9122
lakshadweep,2018,67,35,33
puducherry,2018,1481,714,767
jammu-and-kashmir-state,2018,13427,7066,6361
dadra-and-nagar-haveli,2018,525,309,216
daman-and-diu,2018,395,269,125
india,2019,1337640,687088,650552
andhra-pradesh,2019,52315,26172,26143
arunachal-pradesh,2019,1507,776,732
assam,2019,34418,17534,16885
bihar,2019,120114,62499,57615
chhattisgarh,2019,28852,14474,14378
goa,2019,1543,779,764
gujarat,2019,68245,35757,32488
haryana,2019,28807,15277,13530
himachal-pradesh,2019,7315,3710,3605
jharkhand,2019,37581,19254,18327
karnataka,2019,65973,33463,32510
keralam,2019,35186,16893,18292
madhya-pradesh,2019,82613,42652,39961
maharashtra,2019,122533,63684,58849
manipur,2019,3111,1563,1548
meghalaya,2019,3232,1621,1611
mizoram,2019,1195,604,592
nagaland,2019,2155,1114,1042
odisha,2019,43732,21340,22391
punjab,2019,29939,15745,14194
rajasthan,2019,77601,39964,37636
sikkim,2019,665,351,314
tamil-nadu,2019,75813,37891,37923
telangana,2019,37283,18757,18526
tripura,2019,4002,2037,1965
uttar-pradesh,2019,225967,117832,108135
uttarakhand,2019,11184,5725,5459
west-bengal,2019,97109,49616,47494
andaman-and-nicobar-islands,2019,398,210,187
chandigarh,2019,1184,642,541
delhi,2019,19940,10635,9305
lakshadweep,2019,68,35,33
puducherry,2019,1515,729,786
jammu-and-kashmir-state,2019,13531,7115,6416
dadra-and-nagar-haveli,2019,556,330,227
daman-and-diu,2019,423,292,131
india,2020,1351862,694211,657651
andhra-pradesh,2020,52599,26311,26288
arunachal-pradesh,2020,1522,783,739
assam,2020,34793,17719,17074
bihar,2020,121895,63407,58489
chhattisgarh,2020,29237,14666,14570
goa,2020,1553,783,769
gujarat,2020,69171,36263,32908
haryana,2020,29213,15484,13728
himachal-pradesh,2020,7362,3734,3629
jharkhand,2020,38115,19523,18593
karnataka,2020,66496,33732,32764
keralam,2020,35368,16983,18385
madhya-pradesh,2020,83755,43226,40529
maharashtra,2020,123676,64295,59381
manipur,2020,3142,1578,1563
meghalaya,2020,3264,1637,1627
mizoram,2020,1207,609,598
nagaland,2020,2177,1124,1052
odisha,2020,43913,21340,22572
punjab,2020,30179,15864,14315
rajasthan,2020,78609,40449,38160
sikkim,2020,672,354,317
tamil-nadu,2020,76167,38055,38111
telangana,2020,37536,18883,18653
tripura,2020,4042,2056,1985
uttar-pradesh,2020,228931,119339,109592
uttarakhand,2020,11313,5794,5519
west-bengal,2020,97719,49903,47815
andaman-and-nicobar-islands,2020,399,211,188
chandigarh,2020,1198,649,549
dadra-and-nagar-haveli-and-daman-and-diu,2020,1038,664,374
delhi,2020,20319,10832,9487
jammu-and-kashmir,2020,13340,6998,6342
ladakh,2020,296,166,129
lakshadweep,2020,68,35,33
puducherry,2020,1549,743,806
india,2021,1365482,701002,664480
andhra-pradesh,2021,52849,26432,26417
arunachal-pradesh,2021,1537,791,746
assam,2021,35155,17897,17257
bihar,2021,123695,64321,59374
chhattisgarh,2021,29607,14852,14756
goa,2021,1561,787,774
gujarat,2021,70075,36756,33319
haryana,2021,29604,15683,13921
himachal-pradesh,2021,7406,3756,3650
jharkhand,2021,38637,19783,18854
karnataka,2021,66986,33983,33003
keralam,2021,35537,17066,18471
madhya-pradesh,2021,84860,43779,41081
maharashtra,2021,124762,64875,59887
manipur,2021,3172,1593,1579
meghalaya,2021,3295,1652,1644
mizoram,2021,1219,615,604
nagaland,2021,2198,1135,1063
odisha,2021,44076,21332,22744
punjab,2021,30404,15975,14429
rajasthan,2021,79572,40907,38665
sikkim,2021,678,358,320
tamil-nadu,2021,76479,38198,38281
telangana,2021,37771,19000,18771
tripura,2021,4081,2075,2005
uttar-pradesh,2021,231704,120743,110961
uttarakhand,2021,11439,5860,5578
west-bengal,2021,98285,50168,48117
andaman-and-nicobar-islands,2021,401,212,189
chandigarh,2021,1212,656,556
dadra-and-nagar-haveli-and-daman-and-diu,2021,1108,716,392
delhi,2021,20703,11030,9673
jammu-and-kashmir,2021,13440,7045,6395
ladakh,2021,298,167,130
lakshadweep,2021,68,35,33
puducherry,2021,1584,758,826
india,2022,1377901,707131,670770
andhra-pradesh,2022,53033,26518,26515
arunachal-pradesh,2022,1551,797,754
assam,2022,35490,18061,17429
bihar,2022,125532,65247,60284
chhattisgarh,2022,29951,15023,14928
goa,2022,1569,791,778
gujarat,2022,70934,37222,33713
haryana,2022,29967,15864,14103
himachal-pradesh,2022,7443,3774,3669
jharkhand,2022,39135,20030,19105
karnataka,2022,67409,34198,33211
keralam,2022,35680,17137,18544
madhya-pradesh,2022,85891,44289,41602
maharashtra,2022,125736,65393,60343
manipur,2022,3201,1607,1594
meghalaya,2022,3326,1666,1659
mizoram,2022,1230,620,610
nagaland,2022,2218,1145,1073
odisha,2022,44205,21309,22896
punjab,2022,30600,16071,14529
rajasthan,2022,80444,41313,39130
sikkim,2022,684,361,323
tamil-nadu,2022,76707,38295,38412
telangana,2022,37953,19088,18865
tripura,2022,4118,2094,2025
uttar-pradesh,2022,234094,121939,112155
uttarakhand,2022,11557,5923,5635
west-bengal,2022,98764,50385,48379
andaman-and-nicobar-islands,2022,402,212,190
chandigarh,2022,1223,661,563
dadra-and-nagar-haveli-and-daman-and-diu,2022,1201,787,414
delhi,2022,21096,11231,9865
jammu-and-kashmir,2022,13538,7090,6448
ladakh,2022,299,168,131
lakshadweep,2022,69,35,33
puducherry,2022,1621,773,848
india,2023,1390319,713260,677059
andhra-pradesh,2023,53217,26604,26613
arunachal-pradesh,2023,1565,804,761
assam,2023,35824,18225,17600
bihar,2023,127368,66174,61194
chhattisgarh,2023,30294,15194,15100
goa,2023,1577,795,783
gujarat,2023,71794,37688,34106
haryana,2023,30331,16046,14285
himachal-pradesh,2023,7480,3793,3687
jharkhand,2023,39632,20276,19355
karnataka,2023,67833,34413,33419
keralam,2023,35824,17207,18617
madhya-pradesh,2023,86923,44798,42124
maharashtra,2023,126710,65911,60799
manipur,2023,3231,1621,1610
meghalaya,2023,3356,1681,1675
mizoram,2023,1241,626,615
nagaland,2023,2238,1155,1083
odisha,2023,44334,21285,23049
punjab,2023,30796,16167,14629
rajasthan,2023,81316,41720,39596
sikkim,2023,691,364,327
tamil-nadu,2023,76936,38393,38543
telangana,2023,38135,19175,18960
tripura,2023,4156,2112,2044
uttar-pradesh,2023,236484,123136,113348
uttarakhand,2023,11676,5985,5691
west-bengal,2023,99243,50602,48642
andaman-and-nicobar-islands,2023,403,212,191
chandigarh,2023,1235,666,569
dadra-and-nagar-haveli-and-daman-and-diu,2023,1293,857,437
delhi,2023,21490,11433,10057
jammu-and-kashmir,2023,13636,7136,6500
ladakh,2023,301,169,132
lakshadweep,2023,69,35,33
puducherry,2023,1658,788,870
india,2024,1402737,719389,683348
andhra-pradesh,2024,53402,26690,26711
arunachal-pradesh,2024,1580,811,768
assam,2024,36159,18388,17771
bihar,2024,129205,67101,62104
chhattisgarh,2024,30638,15365,15273
goa,2024,1585,798,787
gujarat,2024,72653,38154,34500
haryana,2024,30694,16227,14467
himachal-pradesh,2024,7518,3812,3706
jharkhand,2024,40129,20523,19606
karnataka,2024,68256,34628,33628
keralam,2024,35967,17277,18690
madhya-pradesh,2024,87954,45308,42646
maharashtra,2024,127684,66429,61256
manipur,2024,3260,1635,1625
meghalaya,2024,3387,1696,1691
mizoram,2024,1252,631,621
nagaland,2024,2258,1165,1094
odisha,2024,44463,21261,23201
punjab,2024,30992,16263,14729
rajasthan,2024,82188,42126,40062
sikkim,2024,697,367,330
tamil-nadu,2024,77165,38491,38674
telangana,2024,38317,19263,19054
tripura,2024,4194,2130,2063
uttar-pradesh,2024,238875,124332,114542
uttarakhand,2024,11795,6048,5747
west-bengal,2024,99723,50819,48904
andaman-and-nicobar-islands,2024,404,213,191
chandigarh,2024,1247,672,575
dadra-and-nagar-haveli-and-daman-and-diu,2024,1387,928,459
delhi,2024,21884,11634,10250
jammu-and-kashmir,2024,13733,7181,6552
ladakh,2024,302,169,133
lakshadweep,2024,69,35,34
puducherry,2024,1695,804,891
india,2025,1415156,725518,689638
andhra-pradesh,2025,53586,26777,26809
arunachal-pradesh,2025,1594,818,775
assam,2025,36493,18552,17942
bihar,2025,131041,68027,63014
chhattisgarh,2025,30982,15537,15445
goa,2025,1593,802,791
gujarat,2025,73513,38620,34894
haryana,2025,31057,16409,14649
himachal-pradesh,2025,7555,3830,3724
jharkhand,2025,40626,20769,19857
karnataka,2025,68679,34844,33836
keralam,2025,36111,17348,18763
madhya-pradesh,2025,88985,45818,43167
maharashtra,2025,128659,66947,61712
manipur,2025,3289,1649,1640
meghalaya,2025,3417,1710,1707
mizoram,2025,1264,637,627
nagaland,2025,2279,1175,1104
odisha,2025,44591,21238,23353
punjab,2025,31188,16359,14829
rajasthan,2025,83060,42532,40528
sikkim,2025,703,370,333
tamil-nadu,2025,77394,38589,38805
telangana,2025,38499,19351,19149
tripura,2025,4232,2149,2083
uttar-pradesh,2025,241265,125529,115736
uttarakhand,2025,11913,6110,5803
west-bengal,2025,100202,51035,49167
andaman-and-nicobar-islands,2025,405,213,192
chandigarh,2025,1259,677,582
dadra-and-nagar-haveli-and-daman-and-diu,2025,1479,998,481
delhi,2025,22277,11835,10442
jammu-and-kashmir,2025,13831,7226,6605
ladakh,2025,304,170,134
lakshadweep,2025,69,36,34
puducherry,2025,1732,819,913
india,2026,1426907,731290,695617
andhra-pradesh,2026,53740,26847,26892
arunachal-pradesh,2026,1608,825,782
assam,2026,36815,18708,18107
bihar,2026,132850,68938,63912
chhattisgarh,2026,31311,15701,15610
goa,2026,1601,805,796
gujarat,2026,74343,39067,35275
haryana,2026,31409,16583,14826
himachal-pradesh,2026,7588,3847,3741
jharkhand,2026,41108,21007,20101
karnataka,2026,69074,35044,34030
keralam,2026,36239,17411,18828
madhya-pradesh,2026,89965,46300,43665
maharashtra,2026,129584,67438,62146
manipur,2026,3318,1663,1655
meghalaya,2026,3447,1724,1723
mizoram,2026,1275,642,633
nagaland,2026,2299,1184,1114
odisha,2026,44699,21204,23495
punjab,2026,31370,16447,14922
rajasthan,2026,83879,42907,40972
sikkim,2026,709,373,336
tamil-nadu,2026,77582,38666,38916
telangana,2026,38665,19430,19235
tripura,2026,4268,2167,2102
uttar-pradesh,2026,243466,126623,116842
uttarakhand,2026,12028,6170,5858
west-bengal,2026,100631,51225,49406
andaman-and-nicobar-islands,2026,406,214,193
chandigarh,2026,1270,682,588
dadra-and-nagar-haveli-and-daman-and-diu,2026,1593,1086,506
delhi,2026,22674,12037,10637
jammu-and-kashmir,2026,13927,7270,6657
ladakh,2026,306,170,135
lakshadweep,2026,70,36,34
puducherry,2026,1771,835,936
india,2027,1437324,736348,700976
andhra-pradesh,2027,53833,26887,26946
arunachal-pradesh,2027,1620,831,789
assam,2027,37111,18850,18261
bihar,2027,134605,69818,64787
chhattisgarh,2027,31613,15852,15761
goa,2027,1608,808,799
gujarat,2027,75112,39478,35633
haryana,2027,31738,16743,14996
himachal-pradesh,2027,7615,3860,3755
jharkhand,2027,41558,21226,20333
karnataka,2027,69412,35215,34198
keralam,2027,36337,17460,18877
madhya-pradesh,2027,90842,46726,44116
maharashtra,2027,130413,67877,62536
manipur,2027,3344,1675,1669
meghalaya,2027,3474,1737,1737
mizoram,2027,1285,647,638
nagaland,2027,2317,1193,1123
odisha,2027,44766,21150,23615
punjab,2027,31523,16521,15002
rajasthan,2027,84590,43220,41370
sikkim,2027,715,376,339
tamil-nadu,2027,77689,38701,38988
telangana,2027,38779,19481,19297
tripura,2027,4302,2183,2119
uttar-pradesh,2027,245287,127513,117774
uttarakhand,2027,12134,6226,5909
west-bengal,2027,100960,51361,49600
andaman-and-nicobar-islands,2027,407,214,193
chandigarh,2027,1281,687,594
dadra-and-nagar-haveli-and-daman-and-diu,2027,1747,1210,537
delhi,2027,23076,12240,10837
jammu-and-kashmir,2027,14020,7313,6707
ladakh,2027,307,171,136
lakshadweep,2027,70,36,34
puducherry,2027,1811,851,961
india,2028,1447741,741406,706335
andhra-pradesh,2028,53926,26927,26999
arunachal-pradesh,2028,1633,838,795
assam,2028,37407,18993,18414
bihar,2028,136361,70698,65662
chhattisgarh,2028,31915,16002,15912
goa,2028,1615,812,803
gujarat,2028,75881,39889,35991
haryana,2028,32068,16903,15165
himachal-pradesh,2028,7641,3873,3768
jharkhand,2028,42009,21445,20564
karnataka,2028,69750,35385,34365
keralam,2028,36434,17508,18926
madhya-pradesh,2028,91719,47152,44567
maharashtra,2028,131241,68315,62926
manipur,2028,3371,1688,1683
meghalaya,2028,3502,1750,1752
mizoram,2028,1295,652,644
nagaland,2028,2335,1202,1133
odisha,2028,44832,21097,23735
punjab,2028,31677,16595,15082
rajasthan,2028,85301,43533,41768
sikkim,2028,721,379,341
tamil-nadu,2028,77796,38736,39060
telangana,2028,38893,19533,19360
tripura,2028,4336,2199,2137
uttar-pradesh,2028,247107,128402,118705
uttarakhand,2028,12241,6281,5960
west-bengal,2028,101290,51497,49793
andaman-and-nicobar-islands,2028,408,215,194
chandigarh,2028,1291,692,599
dadra-and-nagar-haveli-and-daman-and-diu,2028,1902,1333,569
delhi,2028,23479,12443,11036
jammu-and-kashmir,2028,14113,7355,6758
ladakh,2028,308,171,137
lakshadweep,2028,70,36,34
puducherry,2028,1852,867,985
india,2029,1458158,746463,711694
andhra-pradesh,2029,54020,26967,27053
arunachal-pradesh,2029,1646,844,802
assam,2029,37703,19135,18568
bihar,2029,138116,71578,66537
chhattisgarh,2029,32216,16153,16063
goa,2029,1622,815,807
gujarat,2029,76650,40300,36349
haryana,2029,32397,17063,15334
himachal-pradesh,2029,7668,3886,3781
jharkhand,2029,42459,21664,20795
karnataka,2029,70088,35556,34533
keralam,2029,36532,17557,18975
madhya-pradesh,2029,92595,47578,45017
maharashtra,2029,132070,68753,63317
manipur,2029,3397,1700,1697
meghalaya,2029,3529,1763,1766
mizoram,2029,1305,656,649
nagaland,2029,2354,1211,1142
odisha,2029,44898,21043,23855
punjab,2029,31831,16669,15162
rajasthan,2029,86012,43847,42166
sikkim,2029,726,382,344
tamil-nadu,2029,77903,38771,39132
telangana,2029,39007,19585,19422
tripura,2029,4371,2216,2155
uttar-pradesh,2029,248928,129291,119637
uttarakhand,2029,12347,6336,6011
west-bengal,2029,101619,51632,49986
andaman-and-nicobar-islands,2029,409,215,194
chandigarh,2029,1301,696,605
dadra-and-nagar-haveli-and-daman-and-diu,2029,2057,1457,600
delhi,2029,23882,12645,11236
jammu-and-kashmir,2029,14206,7397,6809
ladakh,2029,309,172,138
lakshadweep,2029,70,36,34
puducherry,2029,1893,883,1010
india,2030,1468574,751521,717053
andhra-pradesh,2030,54113,27006,27107
arunachal-pradesh,2030,1659,850,809
assam,2030,37999,19277,18722
bihar,2030,139871,72458,67412
chhattisgarh,2030,32518,16304,16214
goa,2030,1629,818,811
gujarat,2030,77419,40711,36707
haryana,2030,32726,17223,15503
himachal-pradesh,2030,7694,3899,3795
jharkhand,2030,42909,21883,21026
karnataka,2030,70426,35726,34700
keralam,2030,36630,17606,19024
madhya-pradesh,2030,93472,48004,45468
maharashtra,2030,132899,69192,63707
manipur,2030,3424,1713,1711
meghalaya,2030,3557,1776,1781
mizoram,2030,1315,661,654
nagaland,2030,2372,1220,1152
odisha,2030,44964,20989,23975
punjab,2030,31984,16743,15241
rajasthan,2030,86724,44160,42564
sikkim,2030,732,385,347
tamil-nadu,2030,78011,38807,39204
telangana,2030,39121,19636,19485
tripura,2030,4405,2232,2173
uttar-pradesh,2030,250749,130181,120569
uttarakhand,2030,12454,6392,6062
west-bengal,2030,101948,51768,50180
andaman-and-nicobar-islands,2030,410,215,195
chandigarh,2030,1311,701,611
dadra-and-nagar-haveli-and-daman-and-diu,2030,2211,1581,631
delhi,2030,24284,12848,11436
jammu-and-kashmir,2030,14299,7439,6860
ladakh,2030,311,172,138
lakshadweep,2030,70,36,34
puducherry,2030,1934,899,1034
india,2031,1478370,756280,722090
andhra-pradesh,2031,54180,27033,27148
arunachal-pradesh,2031,1671,856,815
assam,2031,38276,19410,18867
bihar,2031,141543,73295,68248
chhattisgarh,2031,32810,16449,16361
goa,2031,1635,821,815
gujarat,2031,78157,41106,37050
haryana,2031,33047,17378,15669
himachal-pradesh,2031,7717,3911,3806
jharkhand,2031,43339,22091,21248
karnataka,2031,70738,35883,34855
keralam,2031,36712,17647,19065
madhya-pradesh,2031,94307,48407,45899
maharashtra,2031,133672,69599,64073
manipur,2031,3449,1725,1724
meghalaya,2031,3583,1789,1795
mizoram,2031,1325,666,659
nagaland,2031,2389,1228,1161
odisha,2031,45009,20925,24084
punjab,2031,32125,16810,15315
rajasthan,2031,87422,44481,42941
sikkim,2031,737,387,350
tamil-nadu,2031,78081,38824,39257
telangana,2031,39220,19680,19540
tripura,2031,4437,2247,2190
uttar-pradesh,2031,252432,130996,121435
uttarakhand,2031,12554,6444,6110
west-bengal,2031,102218,51873,50345
andaman-and-nicobar-islands,2031,411,216,195
chandigarh,2031,1321,705,616
dadra-and-nagar-haveli-and-daman-and-diu,2031,2406,1739,666
delhi,2031,24688,13051,11637
jammu-and-kashmir,2031,14387,7478,6908
ladakh,2031,312,173,139
lakshadweep,2031,71,36,34
puducherry,2031,1976,916,1060
india,2032,1486924,760442,726482
andhra-pradesh,2032,54196,27032,27164
arunachal-pradesh,2032,1681,861,820
assam,2032,38517,19522,18995
bihar,2032,143050,74045,69005
chhattisgarh,2032,33082,16583,16499
goa,2032,1641,823,818
gujarat,2032,78834,41469,37365
haryana,2032,33352,17525,15827
himachal-pradesh,2032,7731,3918,3813
jharkhand,2032,43728,22278,21451
karnataka,2032,70997,36011,34986
keralam,2032,36762,17674,19088
madhya-pradesh,2032,95056,48764,46292
maharashtra,2032,134334,69944,64391
manipur,2032,3470,1734,1736
meghalaya,2032,3605,1798,1807
mizoram,2032,1333,669,664
nagaland,2032,2404,1235,1168
odisha,2032,45013,20843,24170
punjab,2032,32239,16862,15377
rajasthan,2032,88095,44817,43279
sikkim,2032,742,389,352
tamil-nadu,2032,78078,38806,39272
telangana,2032,39272,19699,19573
tripura,2032,4464,2260,2204
uttar-pradesh,2032,253837,131664,122173
uttarakhand,2032,12644,6492,6153
west-bengal,2032,102371,51917,50453
andaman-and-nicobar-islands,2032,411,216,195
chandigarh,2032,1329,709,621
dadra-and-nagar-haveli-and-daman-and-diu,2032,2677,1966,711
delhi,2032,25096,13255,11841
jammu-and-kashmir,2032,14464,7512,6952
ladakh,2032,313,173,140
lakshadweep,2032,71,36,34
puducherry,2032,2020,933,1087
india,2033,1495478,764604,730874
andhra-pradesh,2033,54211,27031,27180
arunachal-pradesh,2033,1691,865,826
assam,2033,38758,19635,19123
bihar,2033,144557,74796,69761
chhattisgarh,2033,33355,16717,16637
goa,2033,1647,826,821
gujarat,2033,79511,41832,37679
haryana,2033,33657,17671,15985
himachal-pradesh,2033,7746,3926,3821
jharkhand,2033,44117,22464,21653
karnataka,2033,71257,36140,35117
keralam,2033,36813,17702,19111
madhya-pradesh,2033,95806,49121,46685
maharashtra,2033,134997,70289,64708
manipur,2033,3491,1744,1747
meghalaya,2033,3626,1808,1819
mizoram,2033,1341,673,668
nagaland,2033,2418,1242,1176
odisha,2033,45016,20761,24255
punjab,2033,32353,16915,15439
rajasthan,2033,88768,45153,43616
sikkim,2033,746,392,354
tamil-nadu,2033,78075,38788,39287
telangana,2033,39324,19718,19605
tripura,2033,4491,2272,2219
uttar-pradesh,2033,255242,132332,122910
uttarakhand,2033,12734,6539,6195
west-bengal,2033,102524,51962,50562
andaman-and-nicobar-islands,2033,412,216,196
chandigarh,2033,1337,712,625
dadra-and-nagar-haveli-and-daman-and-diu,2033,2948,2193,755
delhi,2033,25504,13459,12045
jammu-and-kashmir,2033,14541,7545,6996
ladakh,2033,314,173,140
lakshadweep,2033,71,36,35
puducherry,2033,2065,950,1115
india,2034,1504032,768766,735266
andhra-pradesh,2034,54226,27030,27196
arunachal-pradesh,2034,1701,870,831
assam,2034,38998,19748,19250
bihar,2034,146064,75546,70518
chhattisgarh,2034,33627,16852,16775
goa,2034,1653,828,825
gujarat,2034,80188,42195,37993
haryana,2034,33961,17817,16144
himachal-pradesh,2034,7761,3933,3828
jharkhand,2034,44506,22651,21856
karnataka,2034,71516,36268,35248
keralam,2034,36864,17729,19135
madhya-pradesh,2034,96555,49478,47077
maharashtra,2034,135659,70633,65026
manipur,2034,3512,1753,1759
meghalaya,2034,3648,1818,1830
mizoram,2034,1349,677,672
nagaland,2034,2433,1249,1184
odisha,2034,45020,20679,24341
punjab,2034,32468,16967,15500
rajasthan,2034,89441,45488,43953
sikkim,2034,751,394,357
tamil-nadu,2034,78072,38769,39303
telangana,2034,39376,19738,19638
tripura,2034,4518,2284,2233
uttar-pradesh,2034,256648,133000,123648
uttarakhand,2034,12824,6586,6238
west-bengal,2034,102676,52006,50670
andaman-and-nicobar-islands,2034,412,216,196
chandigarh,2034,1346,716,630
dadra-and-nagar-haveli-and-daman-and-diu,2034,3219,2420,799
delhi,2034,25911,13662,12249
jammu-and-kashmir,2034,14618,7579,7040
ladakh,2034,314,173,141
lakshadweep,2034,71,37,35
puducherry,2034,2109,967,1143
india,2035,1512586,772928,739658
andhra-pradesh,2035,54242,27030,27212
arunachal-pradesh,2035,1712,875,837
assam,2035,39239,19860,19378
bihar,2035,147571,76296,71275
chhattisgarh,2035,33899,16986,16913
goa,2035,1659,831,828
gujarat,2035,80865,42558,38307
haryana,2035,34266,17964,16302
himachal-pradesh,2035,7775,3941,3835
jharkhand,2035,44895,22837,22058
karnataka,2035,71775,36397,35378
keralam,2035,36915,17756,19158
madhya-pradesh,2035,97305,49835,47470
maharashtra,2035,136322,70978,65344
manipur,2035,3532,1763,1770
meghalaya,2035,3670,1828,1842
mizoram,2035,1357,681,677
nagaland,2035,2447,1256,1191
odisha,2035,45023,20597,24426
punjab,2035,32582,17020,15562
rajasthan,2035,90114,45824,44290
sikkim,2035,755,396,359
tamil-nadu,2035,78069,38751,39318
telangana,2035,39428,19757,19671
tripura,2035,4544,2297,2248
uttar-pradesh,2035,258053,133668,124385
uttarakhand,2035,12914,6634,6281
west-bengal,2035,102829,52051,50779
andaman-and-nicobar-islands,2035,413,216,196
chandigarh,2035,1354,719,635
dadra-and-nagar-haveli-and-daman-and-diu,2035,3491,2647,843
delhi,2035,26319,13866,12453
jammu-and-kashmir,2035,14696,7612,7083
ladakh,2035,315,173,142
lakshadweep,2035,71,37,35
puducherry,2035,2154,984,1170
india,2036,1521140,777090,744050
andhra-pradesh,2036,54257,27029,27228
arunachal-pradesh,2036,1722,880,842
assam,2036,39479,19973,19506
bihar,2036,149078,77047,72031
chhattisgarh,2036,34172,17120,17051
goa,2036,1665,834,831
gujarat,2036,81542,42921,38621
haryana,2036,34570,18110,16460
himachal-pradesh,2036,7790,3948,3842
jharkhand,2036,45285,23024,22261
karnataka,2036,72034,36525,35509
keralam,2036,36965,17784,19182
madhya-pradesh,2036,98054,50192,47862
maharashtra,2036,136985,71323,65662
manipur,2036,3553,1772,1781
meghalaya,2036,3692,1838,1854
mizoram,2036,1365,684,681
nagaland,2036,2462,1262,1199
odisha,2036,45026,20515,24512
punjab,2036,32696,17072,15624
rajasthan,2036,90787,46160,44627
sikkim,2036,760,398,361
tamil-nadu,2036,78066,38733,39333
telangana,2036,39480,19776,19704
tripura,2036,4571,2309,2262
uttar-pradesh,2036,259459,134336,125123
uttarakhand,2036,13004,6681,6323
west-bengal,2036,102982,52095,50887
andaman-and-nicobar-islands,2036,413,217,197
chandigarh,2036,1362,723,639
dadra-and-nagar-haveli-and-daman-and-diu,2036,3762,2874,887
delhi,2036,26727,14070,12657
jammu-and-kashmir,2036,14773,7646,7127
ladakh,2036,316,174,142
lakshadweep,2036,72,37,35
puducherry,2036,2198,1001,1198
