slug,area_km2
india,3287265
andaman-and-nicobar-islands,8249
andhra-pradesh,162989
arunachal-pradesh,83743
assam,78438
bihar,94171
chandigarh,114
chhattisgarh,135194
dadra-and-nagar-haveli,491
daman-and-diu,112
dadra-and-nagar-haveli-and-daman-and-diu,603
delhi,1483
goa,3702
gujarat,196024
haryana,44212
himachal-pradesh,55673
jharkhand,79706
karnataka,191791
keralam,38863
lakshadweep,32
madhya-pradesh,308252
maharashtra,307690
manipur,22327
meghalaya,22429
mizoram,21081
nagaland,16579
odisha,155707
puducherry,492
punjab,50362
rajasthan,342239
sikkim,7096
tamil-nadu,130058
telangana,112079
tripura,10486
uttar-pradesh,240928
uttarakhand,53483
west-bengal,88752
